x,y,layer1,layer2,voltage1,voltage2,current
47.7217,31.0185,TOP_LAYER,LAYER_1,0.0365704,0.0365704,-5.99653e-05
47.7217,31.0185,LAYER_1,LAYER_2,0.0365704,0.0365704,-6.06681e-05
47.7217,31.0185,LAYER_2,BOTTOM_LAYER,0.0365704,0.0365704,-6.06681e-05
47.7217,1920.78,TOP_LAYER,LAYER_1,0.0365654,0.0365654,2.61027e-05
47.7217,1920.78,LAYER_1,LAYER_2,0.0365654,0.0365655,-4.03907e-05
47.7217,1920.78,LAYER_2,BOTTOM_LAYER,0.0365655,0.0365655,-4.03907e-05
64.6229,329.078,TOP_LAYER,LAYER_1,0.0365699,0.0365699,-6.51689e-05
64.6229,329.078,LAYER_1,LAYER_2,0.0365699,0.03657,-6.88886e-05
64.6229,329.078,LAYER_2,BOTTOM_LAYER,0.03657,0.03657,-6.88886e-05
64.6229,525.928,TOP_LAYER,LAYER_1,0.0365692,0.0365693,-8.87371e-05
64.6229,525.928,LAYER_1,LAYER_2,0.0365693,0.0365694,-0.000107416
64.6229,525.928,LAYER_2,BOTTOM_LAYER,0.0365694,0.0365694,-0.000107416
103.993,329.078,TOP_LAYER,LAYER_1,0.0365699,0.0365699,-7.07338e-05
103.993,329.078,LAYER_1,LAYER_2,0.0365699,0.03657,-7.3257e-05
103.993,329.078,LAYER_2,BOTTOM_LAYER,0.03657,0.03657,-7.3257e-05
103.993,525.928,TOP_LAYER,LAYER_1,0.0365692,0.0365693,-9.25711e-05
103.993,525.928,LAYER_1,LAYER_2,0.0365693,0.0365694,-0.000111154
103.993,525.928,LAYER_2,BOTTOM_LAYER,0.0365694,0.0365694,-0.000111154
106.777,1546.77,TOP_LAYER,LAYER_1,0.0365657,0.0365657,-8.20272e-05
106.777,1546.77,LAYER_1,LAYER_2,0.0365657,0.0365658,-0.00014703
106.777,1546.77,LAYER_2,BOTTOM_LAYER,0.0365658,0.0365658,-0.00014703
106.777,1605.82,TOP_LAYER,LAYER_1,0.0365656,0.0365656,-5.57325e-05
106.777,1605.82,LAYER_1,LAYER_2,0.0365656,0.0365657,-8.86482e-05
106.777,1605.82,LAYER_2,BOTTOM_LAYER,0.0365657,0.0365657,-8.86482e-05
106.777,1664.88,TOP_LAYER,LAYER_1,0.0365656,0.0365656,-2.0099e-05
106.777,1664.88,LAYER_1,LAYER_2,0.0365656,0.0365656,-4.17263e-05
106.777,1664.88,LAYER_2,BOTTOM_LAYER,0.0365656,0.0365656,-4.17263e-05
106.777,1723.93,TOP_LAYER,LAYER_1,0.0365656,0.0365656,1.01187e-05
106.777,1723.93,LAYER_1,LAYER_2,0.0365656,0.0365656,-3.26032e-05
106.777,1723.93,LAYER_2,BOTTOM_LAYER,0.0365656,0.0365656,-3.26032e-05
143.363,329.078,TOP_LAYER,LAYER_1,0.0365699,0.0365699,-9.3282e-05
143.363,329.078,LAYER_1,LAYER_2,0.0365699,0.03657,-8.67695e-05
143.363,329.078,LAYER_2,BOTTOM_LAYER,0.03657,0.0365701,-8.67695e-05
143.363,525.928,TOP_LAYER,LAYER_1,0.0365693,0.0365693,-0.00011092
143.363,525.928,LAYER_1,LAYER_2,0.0365693,0.0365694,-0.000126968
143.363,525.928,LAYER_2,BOTTOM_LAYER,0.0365694,0.0365694,-0.000126968
165.832,1546.77,TOP_LAYER,LAYER_1,0.0365656,0.0365656,-5.81126e-05
165.832,1546.77,LAYER_1,LAYER_2,0.0365656,0.0365658,-0.000145692
165.832,1546.77,LAYER_2,BOTTOM_LAYER,0.0365658,0.0365658,-0.000145692
165.832,1605.82,TOP_LAYER,LAYER_1,0.0365656,0.0365656,-4.8542e-05
165.832,1605.82,LAYER_1,LAYER_2,0.0365656,0.0365657,-8.22747e-05
165.832,1605.82,LAYER_2,BOTTOM_LAYER,0.0365657,0.0365657,-8.22747e-05
165.832,1664.88,TOP_LAYER,LAYER_1,0.0365655,0.0365656,-1.91621e-05
165.832,1664.88,LAYER_1,LAYER_2,0.0365656,0.0365656,-3.89194e-05
165.832,1664.88,LAYER_2,BOTTOM_LAYER,0.0365656,0.0365656,-3.89194e-05
165.832,1723.93,TOP_LAYER,LAYER_1,0.0365655,0.0365655,-1.28851e-06
165.832,1723.93,LAYER_1,LAYER_2,0.0365655,0.0365655,-3.56783e-05
165.832,1723.93,LAYER_2,BOTTOM_LAYER,0.0365655,0.0365655,-3.56783e-05
182.733,329.078,TOP_LAYER,LAYER_1,0.0365699,0.03657,-0.000163171
182.733,329.078,LAYER_1,LAYER_2,0.03657,0.0365701,-0.000111219
182.733,329.078,LAYER_2,BOTTOM_LAYER,0.0365701,0.0365701,-0.000111219
182.733,525.928,TOP_LAYER,LAYER_1,0.0365693,0.0365693,-0.000159257
182.733,525.928,LAYER_1,LAYER_2,0.0365693,0.0365695,-0.000158739
182.733,525.928,LAYER_2,BOTTOM_LAYER,0.0365695,0.0365695,-0.000158739
222.103,1549.55,TOP_LAYER,LAYER_1,0.0365656,0.0365656,6.84999e-06
222.103,1549.55,LAYER_1,LAYER_2,0.0365656,0.0365657,-0.000125274
222.103,1549.55,LAYER_2,BOTTOM_LAYER,0.0365657,0.0365658,-0.000125274
222.103,1588.92,TOP_LAYER,LAYER_1,0.0365656,0.0365656,-1.48188e-06
222.103,1588.92,LAYER_1,LAYER_2,0.0365656,0.0365657,-7.38034e-05
222.103,1588.92,LAYER_2,BOTTOM_LAYER,0.0365657,0.0365657,-7.38034e-05
222.103,1628.29,TOP_LAYER,LAYER_1,0.0365656,0.0365656,1.09876e-05
222.103,1628.29,LAYER_1,LAYER_2,0.0365656,0.0365656,-5.00571e-05
222.103,1628.29,LAYER_2,BOTTOM_LAYER,0.0365656,0.0365656,-5.00571e-05
222.103,1667.66,TOP_LAYER,LAYER_1,0.0365655,0.0365655,1.94259e-05
222.103,1667.66,LAYER_1,LAYER_2,0.0365655,0.0365656,-3.63607e-05
222.103,1667.66,LAYER_2,BOTTOM_LAYER,0.0365656,0.0365656,-3.63607e-05
222.103,1707.03,TOP_LAYER,LAYER_1,0.0365655,0.0365655,2.73823e-05
222.103,1707.03,LAYER_1,LAYER_2,0.0365655,0.0365655,-3.41762e-05
222.103,1707.03,LAYER_2,BOTTOM_LAYER,0.0365655,0.0365655,-3.41762e-05
222.103,1746.4,TOP_LAYER,LAYER_1,0.0365654,0.0365654,5.85726e-05
222.103,1746.4,LAYER_1,LAYER_2,0.0365654,0.0365655,-4.73321e-05
222.103,1746.4,LAYER_2,BOTTOM_LAYER,0.0365655,0.0365655,-4.73321e-05
300.843,762.149,TOP_LAYER,LAYER_1,0.0365682,0.0365682,-0.000295828
300.843,762.149,LAYER_1,LAYER_2,0.0365682,0.0365685,-0.000304347
300.843,762.149,LAYER_2,BOTTOM_LAYER,0.0365685,0.0365686,-0.000304347
300.843,801.519,TOP_LAYER,LAYER_1,0.036568,0.0365681,-0.0002186
300.843,801.519,LAYER_1,LAYER_2,0.0365681,0.0365683,-0.00027153
300.843,801.519,LAYER_2,BOTTOM_LAYER,0.0365683,0.0365684,-0.00027153
300.843,840.889,TOP_LAYER,LAYER_1,0.0365679,0.0365679,-0.000142156
300.843,840.889,LAYER_1,LAYER_2,0.0365679,0.0365682,-0.000247538
300.843,840.889,LAYER_2,BOTTOM_LAYER,0.0365682,0.0365682,-0.000247538
300.843,880.259,TOP_LAYER,LAYER_1,0.0365677,0.0365678,-9.32534e-05
300.843,880.259,LAYER_1,LAYER_2,0.0365678,0.036568,-0.000234425
300.843,880.259,LAYER_2,BOTTOM_LAYER,0.036568,0.036568,-0.000234425
300.843,919.629,TOP_LAYER,LAYER_1,0.0365676,0.0365676,-5.46303e-05
300.843,919.629,LAYER_1,LAYER_2,0.0365676,0.0365678,-0.000229829
300.843,919.629,LAYER_2,BOTTOM_LAYER,0.0365678,0.0365679,-0.000229829
300.843,958.999,TOP_LAYER,LAYER_1,0.0365674,0.0365674,-1.66355e-05
300.843,958.999,LAYER_1,LAYER_2,0.0365674,0.0365677,-0.000233031
300.843,958.999,LAYER_2,BOTTOM_LAYER,0.0365677,0.0365677,-0.000233031
300.843,998.369,TOP_LAYER,LAYER_1,0.0365673,0.0365673,3.9148e-05
300.843,998.369,LAYER_1,LAYER_2,0.0365673,0.0365675,-0.000246943
300.843,998.369,LAYER_2,BOTTOM_LAYER,0.0365675,0.0365676,-0.000246943
300.843,1037.74,TOP_LAYER,LAYER_1,0.0365671,0.0365671,0.000236701
300.843,1037.74,LAYER_1,LAYER_2,0.0365671,0.0365674,-0.000292397
300.843,1037.74,LAYER_2,BOTTOM_LAYER,0.0365674,0.0365675,-0.000292397
323.312,109.759,TOP_LAYER,LAYER_1,0.0365709,0.0365709,1.22943e-05
323.312,109.759,LAYER_1,LAYER_2,0.0365709,0.0365709,-4.72984e-05
323.312,109.759,LAYER_2,BOTTOM_LAYER,0.0365709,0.0365709,-4.72984e-05
418.954,1549.55,TOP_LAYER,LAYER_1,0.0365652,0.0365652,6.53385e-05
418.954,1549.55,LAYER_1,LAYER_2,0.0365652,0.0365655,-0.000298157
418.954,1549.55,LAYER_2,BOTTOM_LAYER,0.0365655,0.0365656,-0.000298157
418.954,1588.92,TOP_LAYER,LAYER_1,0.0365652,0.0365652,-1.32603e-05
418.954,1588.92,LAYER_1,LAYER_2,0.0365652,0.0365654,-0.000197957
418.954,1588.92,LAYER_2,BOTTOM_LAYER,0.0365654,0.0365655,-0.000197957
418.954,1628.29,TOP_LAYER,LAYER_1,0.0365652,0.0365652,1.81844e-05
418.954,1628.29,LAYER_1,LAYER_2,0.0365652,0.0365654,-0.000156639
418.954,1628.29,LAYER_2,BOTTOM_LAYER,0.0365654,0.0365654,-0.000156639
418.954,1667.66,TOP_LAYER,LAYER_1,0.0365652,0.0365652,1.74774e-05
418.954,1667.66,LAYER_1,LAYER_2,0.0365652,0.0365653,-0.000135798
418.954,1667.66,LAYER_2,BOTTOM_LAYER,0.0365653,0.0365654,-0.000135798
418.954,1707.03,TOP_LAYER,LAYER_1,0.0365651,0.0365651,5.51309e-05
418.954,1707.03,LAYER_1,LAYER_2,0.0365651,0.0365653,-0.000143721
418.954,1707.03,LAYER_2,BOTTOM_LAYER,0.0365653,0.0365653,-0.000143721
418.954,1746.4,TOP_LAYER,LAYER_1,0.0365651,0.0365651,0.000205627
418.954,1746.4,LAYER_1,LAYER_2,0.0365651,0.0365653,-0.000198261
418.954,1746.4,LAYER_2,BOTTOM_LAYER,0.0365653,0.0365653,-0.000198261
441.423,109.759,TOP_LAYER,LAYER_1,0.0365714,0.0365713,0.000140043
441.423,109.759,LAYER_1,LAYER_2,0.0365713,0.0365713,5.90918e-07
441.423,109.759,LAYER_2,BOTTOM_LAYER,0.0365713,0.0365713,5.90918e-07
480.793,1546.77,TOP_LAYER,LAYER_1,0.0365649,0.0365649,0.000296916
480.793,1546.77,LAYER_1,LAYER_2,0.0365649,0.0365654,-0.000703395
480.793,1546.77,LAYER_2,BOTTOM_LAYER,0.0365654,0.0365655,-0.000703395
480.793,1605.82,TOP_LAYER,LAYER_1,0.0365649,0.0365649,0.00025121
480.793,1605.82,LAYER_1,LAYER_2,0.0365649,0.0365653,-0.000559496
480.793,1605.82,LAYER_2,BOTTOM_LAYER,0.0365653,0.0365654,-0.000559496
480.793,1664.88,TOP_LAYER,LAYER_1,0.0365649,0.0365649,0.000306952
480.793,1664.88,LAYER_1,LAYER_2,0.0365649,0.0365652,-0.000487552
480.793,1664.88,LAYER_2,BOTTOM_LAYER,0.0365652,0.0365653,-0.000487552
480.793,1723.93,TOP_LAYER,LAYER_1,0.0365649,0.0365648,0.00045855
480.793,1723.93,LAYER_1,LAYER_2,0.0365648,0.0365652,-0.000521608
480.793,1723.93,LAYER_2,BOTTOM_LAYER,0.0365652,0.0365653,-0.000521608
480.793,1920.78,TOP_LAYER,LAYER_1,0.0365647,0.0365646,0.00065857
480.793,1920.78,LAYER_1,LAYER_2,0.0365646,0.0365651,-0.000669407
480.793,1920.78,LAYER_2,BOTTOM_LAYER,0.0365651,0.0365652,-0.000669407
559.533,109.759,TOP_LAYER,LAYER_1,0.0365719,0.0365719,0.000154796
559.533,109.759,LAYER_1,LAYER_2,0.0365719,0.0365719,1.38582e-05
559.533,109.759,LAYER_2,BOTTOM_LAYER,0.0365719,0.0365719,1.38582e-05
717.013,267.239,TOP_LAYER,LAYER_1,0.0365726,0.0365726,0.00060213
717.013,267.239,LAYER_1,LAYER_2,0.0365726,0.0365725,8.05298e-05
717.013,267.239,LAYER_2,BOTTOM_LAYER,0.0365725,0.0365725,8.05298e-05
795.753,267.239,TOP_LAYER,LAYER_1,0.0365731,0.036573,0.000174348
795.753,267.239,LAYER_1,LAYER_2,0.036573,0.036573,-6.37213e-06
795.753,267.239,LAYER_2,BOTTOM_LAYER,0.036573,0.036573,-6.37213e-06
874.493,267.239,TOP_LAYER,LAYER_1,0.0365737,0.0365737,0.00017803
874.493,267.239,LAYER_1,LAYER_2,0.0365737,0.0365737,1.26531e-05
874.493,267.239,LAYER_2,BOTTOM_LAYER,0.0365737,0.0365737,1.26531e-05
953.234,267.239,TOP_LAYER,LAYER_1,0.0365746,0.0365746,0.00040477
953.234,267.239,LAYER_1,LAYER_2,0.0365746,0.0365745,0.000126941
953.234,267.239,LAYER_2,BOTTOM_LAYER,0.0365745,0.0365745,0.000126941
1031.97,267.239,TOP_LAYER,LAYER_1,0.0365758,0.0365756,0.000977877
1031.97,267.239,LAYER_1,LAYER_2,0.0365756,0.0365754,0.000343588
1031.97,267.239,LAYER_2,BOTTOM_LAYER,0.0365754,0.0365753,0.000343588
1110.71,267.239,TOP_LAYER,LAYER_1,0.0365768,0.0365766,0.00102773
1110.71,267.239,LAYER_1,LAYER_2,0.0365766,0.0365764,0.000402504
1110.71,267.239,LAYER_2,BOTTOM_LAYER,0.0365764,0.0365763,0.000402504
1189.45,267.239,TOP_LAYER,LAYER_1,0.0365778,0.0365777,0.000919599
1189.45,267.239,LAYER_1,LAYER_2,0.0365777,0.0365774,0.000384476
1189.45,267.239,LAYER_2,BOTTOM_LAYER,0.0365774,0.0365773,0.000384476
1268.19,267.239,TOP_LAYER,LAYER_1,0.0365788,0.0365787,0.000762479
1268.19,267.239,LAYER_1,LAYER_2,0.0365787,0.0365785,0.000321141
1268.19,267.239,LAYER_2,BOTTOM_LAYER,0.0365785,0.0365784,0.000321141
1287.88,798.735,TOP_LAYER,LAYER_1,48.0366,48.0366,-1.6291e-10
1287.88,798.735,LAYER_1,LAYER_2,48.0366,48.0366,-1.77558e-10
1287.88,798.735,LAYER_2,BOTTOM_LAYER,48.0366,48.0366,-1.6291e-10
1346.93,267.239,TOP_LAYER,LAYER_1,0.0365798,0.0365798,0.000206291
1346.93,267.239,LAYER_1,LAYER_2,0.0365798,0.0365797,0.000132021
1346.93,267.239,LAYER_2,BOTTOM_LAYER,0.0365797,0.0365797,0.000132021
1386.3,306.609,TOP_LAYER,LAYER_1,0.0365801,0.0365801,0.00012622
1386.3,306.609,LAYER_1,LAYER_2,0.0365801,0.03658,0.000147414
1386.3,306.609,LAYER_2,BOTTOM_LAYER,0.03658,0.0365799,0.000147414
1386.3,385.349,TOP_LAYER,LAYER_1,0.0365794,0.0365793,0.000667204
1386.3,385.349,LAYER_1,LAYER_2,0.0365793,0.0365791,0.000408434
1386.3,385.349,LAYER_2,BOTTOM_LAYER,0.0365791,0.036579,0.000408434
1386.3,464.089,TOP_LAYER,LAYER_1,0.0365785,0.0365784,0.00103324
1386.3,464.089,LAYER_1,LAYER_2,0.0365784,0.0365779,0.00061283
1386.3,464.089,LAYER_2,BOTTOM_LAYER,0.0365779,0.0365779,0.00061283
1386.3,542.829,TOP_LAYER,LAYER_1,0.0365774,0.0365772,0.00135343
1386.3,542.829,LAYER_1,LAYER_2,0.0365772,0.0365767,0.000759572
1386.3,542.829,LAYER_2,BOTTOM_LAYER,0.0365767,0.0365766,0.000759572
1386.3,621.57,TOP_LAYER,LAYER_1,0.0365761,0.0365758,0.00179435
1386.3,621.57,LAYER_1,LAYER_2,0.0365758,0.0365752,0.000866905
1386.3,621.57,LAYER_2,BOTTOM_LAYER,0.0365752,0.0365751,0.000866905
1386.3,700.31,TOP_LAYER,LAYER_1,0.0365746,0.0365741,0.00340585
1386.3,700.31,LAYER_1,LAYER_2,0.0365741,0.0365735,0.000980103
1386.3,700.31,LAYER_2,BOTTOM_LAYER,0.0365735,0.0365733,0.000980103
1465.04,700.31,TOP_LAYER,LAYER_1,0.0365751,0.0365748,0.00225866
1465.04,700.31,LAYER_1,LAYER_2,0.0365748,0.036574,0.00114604
1465.04,700.31,LAYER_2,BOTTOM_LAYER,0.036574,0.0365738,0.00114604
1543.78,700.31,TOP_LAYER,LAYER_1,0.0365764,0.036576,0.00260496
1543.78,700.31,LAYER_1,LAYER_2,0.036576,0.0365748,0.00176106
1543.78,700.31,LAYER_2,BOTTOM_LAYER,0.0365748,0.0365745,0.00176106
1622.52,700.31,TOP_LAYER,LAYER_1,0.0365779,0.0365775,0.00255322
1622.52,700.31,LAYER_1,LAYER_2,0.0365775,0.0365757,0.0025466
1622.52,700.31,LAYER_2,BOTTOM_LAYER,0.0365757,0.0365754,0.0025466
1701.27,700.31,TOP_LAYER,LAYER_1,0.0365797,0.0365794,0.00221198
1701.27,700.31,LAYER_1,LAYER_2,0.0365794,0.0365768,0.00365685
1701.27,700.31,LAYER_2,BOTTOM_LAYER,0.0365768,0.0365763,0.00365685
1737.85,407.818,TOP_LAYER,LAYER_1,0.0365845,0.0365853,-0.00403495
1737.85,407.818,LAYER_1,LAYER_2,0.0365853,0.0365857,-0.000374594
1737.85,407.818,LAYER_2,BOTTOM_LAYER,0.0365857,0.0365858,-0.000374594
1745.73,1113.35,TOP_LAYER,LAYER_1,0,0,-0
1745.73,1113.35,LAYER_1,LAYER_2,0,0,-0
1745.73,1113.35,LAYER_2,BOTTOM_LAYER,0,0,-0
1780.01,700.31,TOP_LAYER,LAYER_1,0.036582,0.0365818,0.00130817
1780.01,700.31,LAYER_1,LAYER_2,0.0365818,0.036578,0.0053066
1780.01,700.31,LAYER_2,BOTTOM_LAYER,0.036578,0.0365773,0.0053066
1799.69,1330.23,TOP_LAYER,LAYER_1,0.0364179,0.0364323,-0.110051
1799.69,1330.23,LAYER_1,LAYER_2,0.0364323,0.036486,-0.0744971
1799.69,1330.23,LAYER_2,BOTTOM_LAYER,0.036486,0.0364957,-0.0744971
1796.91,1372.39,TOP_LAYER,LAYER_1,0.0363548,0.0363934,-0.193783
1796.91,1372.39,LAYER_1,LAYER_2,0.0363934,0.0364799,-0.0788228
1796.91,1372.39,LAYER_2,BOTTOM_LAYER,0.0364799,0.0364956,-0.0788228
1839.06,1330.23,TOP_LAYER,LAYER_1,0.0364257,0.0364374,-0.0895251
1839.06,1330.23,LAYER_1,LAYER_2,0.0364374,0.0364868,-0.0686513
1839.06,1330.23,LAYER_2,BOTTOM_LAYER,0.0364868,0.0364958,-0.0686513
1836.28,1372.39,TOP_LAYER,LAYER_1,0.0363362,0.0363838,-0.239055
1836.28,1372.39,LAYER_1,LAYER_2,0.0363838,0.0364772,-0.0850956
1836.28,1372.39,LAYER_2,BOTTOM_LAYER,0.0364772,0.0364941,-0.0850956
1858.75,700.31,TOP_LAYER,LAYER_1,0.0365846,0.0365849,-0.00235237
1858.75,700.31,LAYER_1,LAYER_2,0.0365849,0.036579,0.00814787
1858.75,700.31,LAYER_2,BOTTOM_LAYER,0.036579,0.0365779,0.00814787
1878.43,1330.23,TOP_LAYER,LAYER_1,0.0364645,0.0364724,-0.0600269
1878.43,1330.23,LAYER_1,LAYER_2,0.0364724,0.0365071,-0.0482149
1878.43,1330.23,LAYER_2,BOTTOM_LAYER,0.0365071,0.0365134,-0.0482149
1875.65,1372.39,TOP_LAYER,LAYER_1,0.0364206,0.0364421,-0.107952
1875.65,1372.39,LAYER_1,LAYER_2,0.0364421,0.0365014,-0.0540132
1875.65,1372.39,LAYER_2,BOTTOM_LAYER,0.0365014,0.0365122,-0.0540132
1917.8,1330.23,TOP_LAYER,LAYER_1,0.0365048,0.0365143,-0.0724048
1917.8,1330.23,LAYER_1,LAYER_2,0.0365143,0.0365373,-0.0318948
1917.8,1330.23,LAYER_2,BOTTOM_LAYER,0.0365373,0.0365415,-0.0318948
1915.02,1372.39,TOP_LAYER,LAYER_1,0.0365054,0.0365059,-0.00264211
1915.02,1372.39,LAYER_1,LAYER_2,0.0365059,0.0365334,-0.0250367
1915.02,1372.39,LAYER_2,BOTTOM_LAYER,0.0365334,0.0365384,-0.0250367
1944.54,1401.91,TOP_LAYER,LAYER_1,0.0365054,0.0365257,-0.101657
1944.54,1401.91,LAYER_1,LAYER_2,0.0365257,0.0365706,-0.0409214
1944.54,1401.91,LAYER_2,BOTTOM_LAYER,0.0365706,0.0365787,-0.0409214
1944.54,1460.97,TOP_LAYER,LAYER_1,0.0364927,0.0365216,-0.144795
1944.54,1460.97,LAYER_1,LAYER_2,0.0365216,0.0365758,-0.0494332
1944.54,1460.97,LAYER_2,BOTTOM_LAYER,0.0365758,0.0365856,-0.0491011
2016.23,1408.97,TOP_LAYER,LAYER_1,0.0367285,0.0367215,0.0533401
2016.23,1408.97,LAYER_1,LAYER_2,0.0367215,0.0366931,0.0394715
2016.23,1408.97,LAYER_2,BOTTOM_LAYER,0.0366931,0.0366879,0.0394715
2052.81,1372.39,TOP_LAYER,LAYER_1,0.0369392,0.0368765,0.314688
2052.81,1372.39,LAYER_1,LAYER_2,0.0368765,0.036759,0.107018
2052.81,1372.39,LAYER_2,BOTTOM_LAYER,0.036759,0.0367377,0.107018
2055.6,1408.97,TOP_LAYER,LAYER_1,0.0368018,0.0367911,0.0818839
2055.6,1408.97,LAYER_1,LAYER_2,0.0367911,0.0367386,0.0728412
2055.6,1408.97,LAYER_2,BOTTOM_LAYER,0.0367386,0.0367291,0.0728412
2092.18,1372.39,TOP_LAYER,LAYER_1,0.036997,0.0369226,0.373127
2092.18,1372.39,LAYER_1,LAYER_2,0.0369226,0.0367886,0.122142
2092.18,1372.39,LAYER_2,BOTTOM_LAYER,0.0367886,0.0367642,0.122142
2094.97,1408.97,TOP_LAYER,LAYER_1,0.0368549,0.0368432,0.0897549
2094.97,1408.97,LAYER_1,LAYER_2,0.0368432,0.0367757,0.0936984
2094.97,1408.97,LAYER_2,BOTTOM_LAYER,0.0367757,0.0367634,0.0936984
2131.55,1372.39,TOP_LAYER,LAYER_1,0.0369731,0.0369375,0.178579
2131.55,1372.39,LAYER_1,LAYER_2,0.0369375,0.0368315,0.0965772
2131.55,1372.39,LAYER_2,BOTTOM_LAYER,0.0368315,0.0368123,0.0965772
2186.67,1372.39,TOP_LAYER,LAYER_1,89.1941,89.1941,-0
2186.67,1372.39,LAYER_1,LAYER_2,89.1941,89.1941,-1.29516e-11
2186.67,1372.39,LAYER_2,BOTTOM_LAYER,89.1941,89.1941,-7.12988e-11
2190.61,909.787,TOP_LAYER,LAYER_1,0.0366366,0.0366355,0.00563657
2190.61,909.787,LAYER_1,LAYER_2,0.0366355,0.0366366,-0.00103914
2190.61,909.787,LAYER_2,BOTTOM_LAYER,0.0366366,0.0366368,-0.00103914
2190.61,949.157,TOP_LAYER,LAYER_1,0.036638,0.0366376,0.00230242
2190.61,949.157,LAYER_1,LAYER_2,0.0366376,0.0366384,-0.000788567
2190.61,949.157,LAYER_2,BOTTOM_LAYER,0.0366384,0.0366386,-0.000788567
2190.61,988.527,TOP_LAYER,LAYER_1,0.0366402,0.0366399,0.0015355
2190.61,988.527,LAYER_1,LAYER_2,0.0366399,0.0366403,-0.000420068
2190.61,988.527,LAYER_2,BOTTOM_LAYER,0.0366403,0.0366404,-0.000420068
2190.61,1027.9,TOP_LAYER,LAYER_1,0.0366426,0.0366428,-0.000814185
2190.61,1027.9,LAYER_1,LAYER_2,0.0366428,0.0366423,0.000454207
2190.61,1027.9,LAYER_2,BOTTOM_LAYER,0.0366423,0.0366422,0.000454207
2229.98,870.417,TOP_LAYER,LAYER_1,0.0366357,0.0366346,0.00550245
2229.98,870.417,LAYER_1,LAYER_2,0.0366346,0.0366353,-0.000645476
2229.98,870.417,LAYER_2,BOTTOM_LAYER,0.0366353,0.0366355,-0.000645476
2229.98,909.787,TOP_LAYER,LAYER_1,0.0366366,0.0366367,-0.000236082
2229.98,909.787,LAYER_1,LAYER_2,0.0366367,0.0366372,-0.000432502
2229.98,909.787,LAYER_2,BOTTOM_LAYER,0.0366372,0.0366372,-0.000432502
2229.98,949.157,TOP_LAYER,LAYER_1,0.0366388,0.0366388,4.0103e-05
2229.98,949.157,LAYER_1,LAYER_2,0.0366388,0.036639,-0.000249311
2229.98,949.157,LAYER_2,BOTTOM_LAYER,0.036639,0.0366391,-0.000249311
2229.98,988.527,TOP_LAYER,LAYER_1,0.0366409,0.036641,-9.69394e-05
2229.98,988.527,LAYER_1,LAYER_2,0.036641,0.036641,-5.93512e-05
2229.98,988.527,LAYER_2,BOTTOM_LAYER,0.036641,0.036641,-5.93512e-05
2229.98,1027.9,TOP_LAYER,LAYER_1,0.0366431,0.0366435,-0.00212271
2229.98,1027.9,LAYER_1,LAYER_2,0.0366435,0.036643,0.000413876
2229.98,1027.9,LAYER_2,BOTTOM_LAYER,0.036643,0.036643,0.000413876
2269.35,870.417,TOP_LAYER,LAYER_1,0.0366357,0.0366352,0.00253306
2269.35,870.417,LAYER_1,LAYER_2,0.0366352,0.0366358,-0.000475343
2269.35,870.417,LAYER_2,BOTTOM_LAYER,0.0366358,0.0366358,-0.000475343
2269.35,909.787,TOP_LAYER,LAYER_1,0.0366376,0.0366375,0.000245291
2269.35,909.787,LAYER_1,LAYER_2,0.0366375,0.0366377,-0.000169329
2269.35,909.787,LAYER_2,BOTTOM_LAYER,0.0366377,0.0366378,-0.000169329
2269.35,949.157,TOP_LAYER,LAYER_1,0.0366396,0.0366396,3.58015e-06
2269.35,949.157,LAYER_1,LAYER_2,0.0366396,0.0366397,-9.06475e-05
2269.35,949.157,LAYER_2,BOTTOM_LAYER,0.0366397,0.0366397,-9.06475e-05
2269.35,1027.9,TOP_LAYER,LAYER_1,0.0366438,0.0366441,-0.00141013
2269.35,1027.9,LAYER_1,LAYER_2,0.0366441,0.0366438,0.000285236
2269.35,1027.9,LAYER_2,BOTTOM_LAYER,0.0366438,0.0366437,0.000285236
2279.19,1667.66,TOP_LAYER,LAYER_1,89.1941,89.1941,4.99092e-10
2279.19,1667.66,LAYER_1,LAYER_2,89.1941,89.1941,4.27404e-10
2279.19,1667.66,LAYER_2,BOTTOM_LAYER,89.1941,89.1941,3.56494e-10
2281.15,1451.12,TOP_LAYER,LAYER_1,89.0905,89.0905,-2.85195e-10
2281.15,1451.12,LAYER_1,LAYER_2,89.0905,89.0905,-2.84936e-10
2281.15,1451.12,LAYER_2,BOTTOM_LAYER,89.0905,89.0905,-1.42598e-10
2289.03,1283.8,TOP_LAYER,LAYER_1,0.0366672,0.0366679,-0.00348309
2289.03,1283.8,LAYER_1,LAYER_2,0.0366679,0.0366668,0.000941423
2289.03,1283.8,LAYER_2,BOTTOM_LAYER,0.0366668,0.0366667,0.000941423
2289.03,1766.09,TOP_LAYER,LAYER_1,0.0366278,0.0366278,-0
2289.03,1766.09,LAYER_1,LAYER_2,0.0366278,0.0366294,-0.00149844
2289.03,1766.09,LAYER_2,BOTTOM_LAYER,0.0366294,0.0366297,-0.00149844
2308.72,909.787,TOP_LAYER,LAYER_1,0.0366385,0.0366382,0.00186911
2308.72,909.787,LAYER_1,LAYER_2,0.0366382,0.0366383,-0.000133987
2308.72,909.787,LAYER_2,BOTTOM_LAYER,0.0366383,0.0366384,-0.000133987
2308.72,1027.9,TOP_LAYER,LAYER_1,0.0366444,0.0366445,-0.000641225
2308.72,1027.9,LAYER_1,LAYER_2,0.0366445,0.0366444,0.000142195
2308.72,1027.9,LAYER_2,BOTTOM_LAYER,0.0366444,0.0366444,0.000142195
2308.72,1106.64,TOP_LAYER,LAYER_1,0.0366501,0.0366506,-0.00246352
2308.72,1106.64,LAYER_1,LAYER_2,0.0366506,0.0366493,0.00118263
2308.72,1106.64,LAYER_2,BOTTOM_LAYER,0.0366493,0.036649,0.00118263
2308.72,1195.22,TOP_LAYER,LAYER_1,0.0366582,0.0366586,-0.00207332
2308.72,1195.22,LAYER_1,LAYER_2,0.0366586,0.0366565,0.00192092
2308.72,1195.22,LAYER_2,BOTTOM_LAYER,0.0366565,0.0366561,0.00192092
2309.87,1324.97,TOP_LAYER,LAYER_1,0.036667,0.0366707,-0.00886327
2309.87,1324.97,LAYER_1,LAYER_2,0.0366707,0.0366708,-6.06949e-05
2309.87,1324.97,LAYER_2,BOTTOM_LAYER,0.0366708,0.0366708,-6.06949e-05
2309.87,1353.19,TOP_LAYER,LAYER_1,0.0366686,0.0366712,-0.00635227
2309.87,1353.19,LAYER_1,LAYER_2,0.0366712,0.0366718,-0.000274048
2309.87,1353.19,LAYER_2,BOTTOM_LAYER,0.0366718,0.036672,-0.000274048
2309.87,1381.4,TOP_LAYER,LAYER_1,0.0366692,0.0366703,-0.00257087
2309.87,1381.4,LAYER_1,LAYER_2,0.0366703,0.0366699,0.000179663
2309.87,1381.4,LAYER_2,BOTTOM_LAYER,0.0366699,0.0366698,0.000179663
2309.87,1409.62,TOP_LAYER,LAYER_1,0.0366708,0.0366703,0.00125271
2309.87,1409.62,LAYER_1,LAYER_2,0.0366703,0.0366699,0.000179663
2309.87,1409.62,LAYER_2,BOTTOM_LAYER,0.0366699,0.0366698,0.000179663
2328.4,1283.8,TOP_LAYER,LAYER_1,0.0366629,0.0366631,-0.000941896
2328.4,1283.8,LAYER_1,LAYER_2,0.0366631,0.0366626,0.000445269
2328.4,1283.8,LAYER_2,BOTTOM_LAYER,0.0366626,0.0366625,0.000445269
2348.09,949.157,TOP_LAYER,LAYER_1,0.0366409,0.0366407,0.000837282
2348.09,949.157,LAYER_1,LAYER_2,0.0366407,0.0366409,-0.000162701
2348.09,949.157,LAYER_2,BOTTOM_LAYER,0.0366409,0.0366409,-0.000162701
2348.09,1195.22,TOP_LAYER,LAYER_1,0.0366559,0.0366561,-0.00133724
2348.09,1195.22,LAYER_1,LAYER_2,0.0366561,0.0366555,0.000568729
2348.09,1195.22,LAYER_2,BOTTOM_LAYER,0.0366555,0.0366554,0.000568729
2345.3,1324.97,TOP_LAYER,LAYER_1,0.036667,0.0366663,0.00161453
2345.3,1324.97,LAYER_1,LAYER_2,0.0366663,0.0366653,0.000429331
2345.3,1324.97,LAYER_2,BOTTOM_LAYER,0.0366653,0.0366651,0.000429331
2345.3,1353.19,TOP_LAYER,LAYER_1,0.0366686,0.0366678,0.00185444
2345.3,1353.19,LAYER_1,LAYER_2,0.0366678,0.0366664,0.000598171
2345.3,1353.19,LAYER_2,BOTTOM_LAYER,0.0366664,0.0366662,0.000598171
2345.3,1381.4,TOP_LAYER,LAYER_1,0.0366692,0.0366684,0.00202304
2345.3,1381.4,LAYER_1,LAYER_2,0.0366684,0.0366658,0.00110745
2345.3,1381.4,LAYER_2,BOTTOM_LAYER,0.0366658,0.0366653,0.00110745
2345.3,1409.62,TOP_LAYER,LAYER_1,0.0366692,0.0366684,0.00202304
2345.3,1409.62,LAYER_1,LAYER_2,0.0366684,0.0366658,0.00110745
2345.3,1409.62,LAYER_2,BOTTOM_LAYER,0.0366658,0.0366653,0.00110745
2348.09,1451.13,TOP_LAYER,LAYER_1,0.0366715,0.0366686,0.0145269
2348.09,1451.13,LAYER_1,LAYER_2,0.0366686,0.0366635,0.00470574
2348.09,1451.13,LAYER_2,BOTTOM_LAYER,0.0366635,0.0366626,0.00437371
2352.02,1234.59,TOP_LAYER,LAYER_1,0.0366592,0.0366595,-0.00167631
2352.02,1234.59,LAYER_1,LAYER_2,0.0366595,0.036659,0.00054075
2352.02,1234.59,LAYER_2,BOTTOM_LAYER,0.036659,0.0366588,0.00054075
2387.46,949.157,TOP_LAYER,LAYER_1,0.0366413,0.0366409,0.00167985
2387.46,949.157,LAYER_1,LAYER_2,0.0366409,0.0366415,-0.000498682
2387.46,949.157,LAYER_2,BOTTOM_LAYER,0.0366415,0.0366416,-0.000498682
2387.46,988.527,TOP_LAYER,LAYER_1,0.036643,0.0366429,0.000493305
2387.46,988.527,LAYER_1,LAYER_2,0.0366429,0.0366433,-0.000348576
2387.46,988.527,LAYER_2,BOTTOM_LAYER,0.0366433,0.0366433,-0.000348576
2387.46,1027.9,TOP_LAYER,LAYER_1,0.036645,0.0366449,0.000200226
2387.46,1027.9,LAYER_1,LAYER_2,0.0366449,0.0366452,-0.000212113
2387.46,1027.9,LAYER_2,BOTTOM_LAYER,0.0366452,0.0366452,-0.000212113
2387.46,1067.27,TOP_LAYER,LAYER_1,0.0366472,0.0366472,-0.000143627
2387.46,1067.27,LAYER_1,LAYER_2,0.0366472,0.0366472,-1.01114e-05
2387.46,1067.27,LAYER_2,BOTTOM_LAYER,0.0366472,0.0366472,-1.01114e-05
2387.46,1106.64,TOP_LAYER,LAYER_1,0.0366497,0.0366498,-0.00052658
2387.46,1106.64,LAYER_1,LAYER_2,0.0366498,0.0366495,0.000279576
2387.46,1106.64,LAYER_2,BOTTOM_LAYER,0.0366495,0.0366494,0.000279576
2416.99,1136.16,TOP_LAYER,LAYER_1,0.0366506,0.03665,0.00312609
2416.99,1136.16,LAYER_1,LAYER_2,0.03665,0.0366494,0.000534759
2416.99,1136.16,LAYER_2,BOTTOM_LAYER,0.0366494,0.0366493,0.000534759
2446.51,1165.69,TOP_LAYER,LAYER_1,0.0366522,0.0366513,0.00462366
2446.51,1165.69,LAYER_1,LAYER_2,0.0366513,0.0366505,0.000704088
2446.51,1165.69,LAYER_2,BOTTOM_LAYER,0.0366505,0.0366504,0.000704088
2454.39,1455.67,TOP_LAYER,LAYER_1,0,0,-0
2454.39,1455.67,LAYER_1,LAYER_2,0,0,-0
2454.39,1455.67,LAYER_2,BOTTOM_LAYER,0,0,-0
2462.26,1396.01,TOP_LAYER,LAYER_1,48.0366,48.0366,-3.56494e-11
2462.26,1396.01,LAYER_1,LAYER_2,48.0366,48.0366,-5.18066e-11
2462.26,1396.01,LAYER_2,BOTTOM_LAYER,48.0366,48.0366,-1.06948e-10
2485.88,1165.69,TOP_LAYER,LAYER_1,0.0366491,0.0366489,0.00110106
2485.88,1165.69,LAYER_1,LAYER_2,0.0366489,0.0366496,-0.00064191
2485.88,1165.69,LAYER_2,BOTTOM_LAYER,0.0366496,0.0366498,-0.00064191
2525.25,1470.81,TOP_LAYER,LAYER_1,0.0366491,0.0366481,0.0050629
2525.25,1470.81,LAYER_1,LAYER_2,0.0366481,0.0366458,0.0021148
2525.25,1470.81,LAYER_2,BOTTOM_LAYER,0.0366458,0.0366454,0.0021148
2544.94,1210.97,TOP_LAYER,LAYER_1,0.0366475,0.0366472,0.00119937
2544.94,1210.97,LAYER_1,LAYER_2,0.0366472,0.0366456,0.00152493
2544.94,1210.97,LAYER_2,BOTTOM_LAYER,0.0366456,0.0366453,0.00152493
2564.62,1470.81,TOP_LAYER,LAYER_1,0.0366479,0.0366471,0.00370202
2564.62,1470.81,LAYER_1,LAYER_2,0.0366471,0.0366451,0.00185841
2564.62,1470.81,LAYER_2,BOTTOM_LAYER,0.0366451,0.0366447,0.00185841
2682.73,1333.01,TOP_LAYER,LAYER_1,48.0366,48.0366,-3.56494e-11
2682.73,1333.01,LAYER_1,LAYER_2,48.0366,48.0366,-3.23791e-11
2682.73,1333.01,LAYER_2,BOTTOM_LAYER,48.0366,48.0366,-7.12988e-11
2684.7,1273.96,TOP_LAYER,LAYER_1,0.0366435,0.0366432,0.00138264
2684.7,1273.96,LAYER_1,LAYER_2,0.0366432,0.036642,0.0011467
2684.7,1273.96,LAYER_2,BOTTOM_LAYER,0.036642,0.0366418,0.0011467
2724.89,660.94,TOP_LAYER,LAYER_1,0.0366228,0.0366232,-0.00379552
2724.89,660.94,LAYER_1,LAYER_2,0.0366232,0.036625,-0.00243519
2724.89,660.94,LAYER_2,BOTTOM_LAYER,0.036625,0.0366253,-0.00243519
2724.89,739.68,TOP_LAYER,LAYER_1,0.0366259,0.0366261,-0.00159684
2724.89,739.68,LAYER_1,LAYER_2,0.0366261,0.0366271,-0.00131967
2724.89,739.68,LAYER_2,BOTTOM_LAYER,0.0366271,0.0366273,-0.00131967
2724.89,818.42,TOP_LAYER,LAYER_1,0.0366284,0.0366286,-0.00174404
2724.89,818.42,LAYER_1,LAYER_2,0.0366286,0.0366293,-0.000866816
2724.89,818.42,LAYER_2,BOTTOM_LAYER,0.0366293,0.0366294,-0.000866816
2724.89,897.16,TOP_LAYER,LAYER_1,0.0366313,0.0366314,-0.000654555
2724.89,897.16,LAYER_1,LAYER_2,0.0366314,0.0366316,-0.000257115
2724.89,897.16,LAYER_2,BOTTOM_LAYER,0.0366316,0.0366316,-0.000257115
2724.89,975.9,TOP_LAYER,LAYER_1,0.0366331,0.0366333,-0.00210825
2724.89,975.9,LAYER_1,LAYER_2,0.0366333,0.0366337,-0.000527627
2724.89,975.9,LAYER_2,BOTTOM_LAYER,0.0366337,0.0366338,-0.000527627
2724.89,1054.64,TOP_LAYER,LAYER_1,0.0366344,0.0366346,-0.00176657
2724.89,1054.64,LAYER_1,LAYER_2,0.0366346,0.0366349,-0.000389804
2724.89,1054.64,LAYER_2,BOTTOM_LAYER,0.0366349,0.036635,-0.000389804
2731.95,1500.34,TOP_LAYER,LAYER_1,89.0905,89.0905,-0
2731.95,1500.34,LAYER_1,LAYER_2,89.0905,89.0905,-5.18066e-11
2731.95,1500.34,LAYER_2,BOTTOM_LAYER,89.0905,89.0905,-1.42598e-10
2781.16,1061.36,TOP_LAYER,LAYER_1,0.0366346,0.0366352,-0.00318045
2781.16,1061.36,LAYER_1,LAYER_2,0.0366352,0.0366358,-0.000594626
2781.16,1061.36,LAYER_2,BOTTOM_LAYER,0.0366358,0.036636,-0.000594626
2823.31,31.0185,TOP_LAYER,LAYER_1,0.0366117,0.0366122,-0.00448874
2823.31,31.0185,LAYER_1,LAYER_2,0.0366122,0.0366148,-0.00360371
2823.31,31.0185,LAYER_2,BOTTOM_LAYER,0.0366148,0.0366153,-0.00360371
